{
    "accuracy": 0.9183673469387755,
    "precision": 0.6470588235294118,
    "recall": 0.8301886792452831,
    "auc": 0.9374991606795138
}
