{
    "accuracy": 0.9554730983302412,
    "precision": 0.8977272727272727,
    "recall": 0.7452830188679245,
    "auc": 0.9379473578191097
}
