{
    "accuracy": 0.9097709209911173,
    "precision": 0.6890756302521008,
    "recall": 0.5795053003533569,
    "auc": 0.8689400054831242
}
