{
    "accuracy": 0.9467455621301775,
    "precision": 0.7954545454545454,
    "recall": 0.7954545454545454,
    "auc": 0.9402128749226965
}
